-- ═══════════════════════════════════════════════════════
-- PROPERTYGRAPH — Seed Data for Harris County TX CRE
-- Generated by scripts/ingest/seed.ts
-- ═══════════════════════════════════════════════════════


-- PROPERTYGRAPH Schema
-- Run this first in Supabase SQL Editor

CREATE TABLE IF NOT EXISTS properties (
  id uuid PRIMARY KEY DEFAULT gen_random_uuid(),
  address text,
  city text,
  state text,
  zip text,
  lat float,
  lng float,
  estimated_value numeric
);

CREATE TABLE IF NOT EXISTS entities (
  id uuid PRIMARY KEY DEFAULT gen_random_uuid(),
  name text,
  type text,
  registered_state text
);

CREATE TABLE IF NOT EXISTS ownership_links (
  id uuid PRIMARY KEY DEFAULT gen_random_uuid(),
  property_id uuid REFERENCES properties(id),
  entity_id uuid REFERENCES entities(id),
  ownership_pct float
);

CREATE TABLE IF NOT EXISTS entity_relationships (
  id uuid PRIMARY KEY DEFAULT gen_random_uuid(),
  parent_entity_id uuid REFERENCES entities(id),
  child_entity_id uuid REFERENCES entities(id),
  relationship_type text
);

CREATE TABLE IF NOT EXISTS signals (
  id uuid PRIMARY KEY DEFAULT gen_random_uuid(),
  entity_id uuid REFERENCES entities(id),
  signal_type text,
  description text,
  confidence float
);


-- Clear existing data
DELETE FROM signals;
DELETE FROM entity_relationships;
DELETE FROM ownership_links;
DELETE FROM entities;
DELETE FROM properties;

-- ─── Properties ───────────────────────────────────────
INSERT INTO properties (id, address, city, state, zip, lat, lng, estimated_value) VALUES ('a0000000-0000-0000-0000-000000000001', '1400 Post Oak Blvd', 'Houston', 'TX', '77056', 29.7372, -95.4611, 42500000);
INSERT INTO properties (id, address, city, state, zip, lat, lng, estimated_value) VALUES ('a0000000-0000-0000-0000-000000000002', '1415 Post Oak Blvd', 'Houston', 'TX', '77056', 29.7375, -95.4608, 38000000);
INSERT INTO properties (id, address, city, state, zip, lat, lng, estimated_value) VALUES ('a0000000-0000-0000-0000-000000000003', '1500 Post Oak Blvd', 'Houston', 'TX', '77056', 29.738, -95.4605, 27500000);
INSERT INTO properties (id, address, city, state, zip, lat, lng, estimated_value) VALUES ('a0000000-0000-0000-0000-000000000004', '1550 Post Oak Blvd', 'Houston', 'TX', '77056', 29.7385, -95.46, 31000000);
INSERT INTO properties (id, address, city, state, zip, lat, lng, estimated_value) VALUES ('a0000000-0000-0000-0000-000000000005', '5085 Westheimer Rd', 'Houston', 'TX', '77056', 29.739, -95.462, 18500000);
INSERT INTO properties (id, address, city, state, zip, lat, lng, estimated_value) VALUES ('a0000000-0000-0000-0000-000000000006', '5100 Westheimer Rd', 'Houston', 'TX', '77056', 29.7388, -95.4625, 15200000);
INSERT INTO properties (id, address, city, state, zip, lat, lng, estimated_value) VALUES ('a0000000-0000-0000-0000-000000000007', '2800 Post Oak Blvd', 'Houston', 'TX', '77056', 29.7355, -95.4615, 50000000);
INSERT INTO properties (id, address, city, state, zip, lat, lng, estimated_value) VALUES ('a0000000-0000-0000-0000-000000000008', '3700 Buffalo Speedway', 'Houston', 'TX', '77098', 29.728, -95.428, 8200000);
INSERT INTO properties (id, address, city, state, zip, lat, lng, estimated_value) VALUES ('a0000000-0000-0000-0000-000000000009', '4200 Montrose Blvd', 'Houston', 'TX', '77006', 29.731, -95.392, 5400000);
INSERT INTO properties (id, address, city, state, zip, lat, lng, estimated_value) VALUES ('a0000000-0000-0000-0000-000000000010', '1001 Fannin St', 'Houston', 'TX', '77002', 29.7525, -95.3592, 22000000);
INSERT INTO properties (id, address, city, state, zip, lat, lng, estimated_value) VALUES ('a0000000-0000-0000-0000-000000000011', '910 Louisiana St', 'Houston', 'TX', '77002', 29.756, -95.3625, 35000000);
INSERT INTO properties (id, address, city, state, zip, lat, lng, estimated_value) VALUES ('a0000000-0000-0000-0000-000000000012', '3900 Essex Ln', 'Houston', 'TX', '77027', 29.734, -95.448, 4800000);
INSERT INTO properties (id, address, city, state, zip, lat, lng, estimated_value) VALUES ('a0000000-0000-0000-0000-000000000013', '2425 West Loop S', 'Houston', 'TX', '77027', 29.742, -95.457, 12500000);
INSERT INTO properties (id, address, city, state, zip, lat, lng, estimated_value) VALUES ('a0000000-0000-0000-0000-000000000014', '6560 Fannin St', 'Houston', 'TX', '77030', 29.7145, -95.397, 9800000);
INSERT INTO properties (id, address, city, state, zip, lat, lng, estimated_value) VALUES ('a0000000-0000-0000-0000-000000000015', '777 Post Oak Blvd', 'Houston', 'TX', '77056', 29.7365, -95.459, 19500000);

-- ─── Entities ─────────────────────────────────────────
INSERT INTO entities (id, name, type, registered_state) VALUES ('b0000000-0000-0000-0000-000000000001', 'PostOak Capital Holdings LLC', 'LLC', 'TX');
INSERT INTO entities (id, name, type, registered_state) VALUES ('b0000000-0000-0000-0000-000000000002', 'Westheimer Land Trust', 'Trust', 'TX');
INSERT INTO entities (id, name, type, registered_state) VALUES ('b0000000-0000-0000-0000-000000000003', 'Gulf Realty Partners LLC', 'LLC', 'DE');
INSERT INTO entities (id, name, type, registered_state) VALUES ('b0000000-0000-0000-0000-000000000004', 'Bayou Holdings Group Inc', 'Corporation', 'TX');
INSERT INTO entities (id, name, type, registered_state) VALUES ('b0000000-0000-0000-0000-000000000005', '610 Loop Ventures LLC', 'LLC', 'TX');
INSERT INTO entities (id, name, type, registered_state) VALUES ('b0000000-0000-0000-0000-000000000006', 'Marcus J. Thornton', 'Individual', 'TX');
INSERT INTO entities (id, name, type, registered_state) VALUES ('b0000000-0000-0000-0000-000000000007', 'Greenway Plaza Management Corp', 'Corporation', 'TX');
INSERT INTO entities (id, name, type, registered_state) VALUES ('b0000000-0000-0000-0000-000000000008', 'Thornton Family Trust', 'Trust', 'TX');

-- ─── Ownership Links ─────────────────────────────────
INSERT INTO ownership_links (property_id, entity_id, ownership_pct) VALUES ('a0000000-0000-0000-0000-000000000001', 'b0000000-0000-0000-0000-000000000001', 100);
INSERT INTO ownership_links (property_id, entity_id, ownership_pct) VALUES ('a0000000-0000-0000-0000-000000000002', 'b0000000-0000-0000-0000-000000000001', 100);
INSERT INTO ownership_links (property_id, entity_id, ownership_pct) VALUES ('a0000000-0000-0000-0000-000000000003', 'b0000000-0000-0000-0000-000000000001', 100);
INSERT INTO ownership_links (property_id, entity_id, ownership_pct) VALUES ('a0000000-0000-0000-0000-000000000004', 'b0000000-0000-0000-0000-000000000001', 100);
INSERT INTO ownership_links (property_id, entity_id, ownership_pct) VALUES ('a0000000-0000-0000-0000-000000000007', 'b0000000-0000-0000-0000-000000000001', 85);
INSERT INTO ownership_links (property_id, entity_id, ownership_pct) VALUES ('a0000000-0000-0000-0000-000000000015', 'b0000000-0000-0000-0000-000000000001', 100);
INSERT INTO ownership_links (property_id, entity_id, ownership_pct) VALUES ('a0000000-0000-0000-0000-000000000005', 'b0000000-0000-0000-0000-000000000002', 100);
INSERT INTO ownership_links (property_id, entity_id, ownership_pct) VALUES ('a0000000-0000-0000-0000-000000000006', 'b0000000-0000-0000-0000-000000000002', 100);
INSERT INTO ownership_links (property_id, entity_id, ownership_pct) VALUES ('a0000000-0000-0000-0000-000000000008', 'b0000000-0000-0000-0000-000000000003', 100);
INSERT INTO ownership_links (property_id, entity_id, ownership_pct) VALUES ('a0000000-0000-0000-0000-000000000009', 'b0000000-0000-0000-0000-000000000003', 100);
INSERT INTO ownership_links (property_id, entity_id, ownership_pct) VALUES ('a0000000-0000-0000-0000-000000000012', 'b0000000-0000-0000-0000-000000000003', 70);
INSERT INTO ownership_links (property_id, entity_id, ownership_pct) VALUES ('a0000000-0000-0000-0000-000000000010', 'b0000000-0000-0000-0000-000000000004', 100);
INSERT INTO ownership_links (property_id, entity_id, ownership_pct) VALUES ('a0000000-0000-0000-0000-000000000011', 'b0000000-0000-0000-0000-000000000004', 100);
INSERT INTO ownership_links (property_id, entity_id, ownership_pct) VALUES ('a0000000-0000-0000-0000-000000000013', 'b0000000-0000-0000-0000-000000000005', 100);
INSERT INTO ownership_links (property_id, entity_id, ownership_pct) VALUES ('a0000000-0000-0000-0000-000000000014', 'b0000000-0000-0000-0000-000000000007', 100);
INSERT INTO ownership_links (property_id, entity_id, ownership_pct) VALUES ('a0000000-0000-0000-0000-000000000007', 'b0000000-0000-0000-0000-000000000003', 15);
INSERT INTO ownership_links (property_id, entity_id, ownership_pct) VALUES ('a0000000-0000-0000-0000-000000000012', 'b0000000-0000-0000-0000-000000000005', 30);

-- ─── Entity Relationships ─────────────────────────────
INSERT INTO entity_relationships (parent_entity_id, child_entity_id, relationship_type) VALUES ('b0000000-0000-0000-0000-000000000006', 'b0000000-0000-0000-0000-000000000008', 'beneficiary');
INSERT INTO entity_relationships (parent_entity_id, child_entity_id, relationship_type) VALUES ('b0000000-0000-0000-0000-000000000008', 'b0000000-0000-0000-0000-000000000001', 'member_of');
INSERT INTO entity_relationships (parent_entity_id, child_entity_id, relationship_type) VALUES ('b0000000-0000-0000-0000-000000000008', 'b0000000-0000-0000-0000-000000000002', 'manages');
INSERT INTO entity_relationships (parent_entity_id, child_entity_id, relationship_type) VALUES ('b0000000-0000-0000-0000-000000000004', 'b0000000-0000-0000-0000-000000000001', 'parent');
INSERT INTO entity_relationships (parent_entity_id, child_entity_id, relationship_type) VALUES ('b0000000-0000-0000-0000-000000000006', 'b0000000-0000-0000-0000-000000000003', 'manages');
INSERT INTO entity_relationships (parent_entity_id, child_entity_id, relationship_type) VALUES ('b0000000-0000-0000-0000-000000000006', 'b0000000-0000-0000-0000-000000000005', 'manages');
INSERT INTO entity_relationships (parent_entity_id, child_entity_id, relationship_type) VALUES ('b0000000-0000-0000-0000-000000000006', 'b0000000-0000-0000-0000-000000000007', 'manages');
INSERT INTO entity_relationships (parent_entity_id, child_entity_id, relationship_type) VALUES ('b0000000-0000-0000-0000-000000000004', 'b0000000-0000-0000-0000-000000000005', 'parent');

-- ─── Signals ─────────────────────────────────────────
INSERT INTO signals (entity_id, signal_type, description, confidence) VALUES ('b0000000-0000-0000-0000-000000000001', 'acquisition_pattern', 'Multi-property acquisition pattern — 6 properties acquired in 18 months along Post Oak Blvd corridor', 0.92);
INSERT INTO signals (entity_id, signal_type, description, confidence) VALUES ('b0000000-0000-0000-0000-000000000001', 'clustered_ownership', 'Clustered ownership — 4 adjacent parcels in ZIP 77056, potential assemblage play', 0.78);
INSERT INTO signals (entity_id, signal_type, description, confidence) VALUES ('b0000000-0000-0000-0000-000000000006', 'roll_up_candidate', 'Shared manager across 7 entities — likely roll-up candidate. Marcus J. Thornton appears as manager/beneficiary across PostOak Capital, Gulf Realty, 610 Loop Ventures, Greenway Plaza Mgmt, Westheimer Land Trust, and Thornton Family Trust', 0.89);

-- ═══════════════════════════════════════════════════════
-- Seed complete. Run: SELECT count(*) FROM properties;
-- ═══════════════════════════════════════════════════════
